Ativo;Data;Hora;Comprador;Preço;Quantidade;Vendedor;Tipo
FRP0;01/09/2026;10:05:28;88 - CM Capital Markets CCTVM LTDA;35,00;30;88 - CM Capital Markets CCTVM LTDA;Direto
FRP0;01/09/2026;10:02:20;88 - CM Capital Markets CCTVM LTDA;33,20;30;88 - CM Capital Markets CCTVM LTDA;Direto
FRP0;01/09/2026;10:01:45;39 - AGORA CTVM S/A;33,60;30;147 - ATIVA INVESTIMENTOS S.A. CTCV;Vendedor
FRP0;01/09/2026;10:01:26;127 - TULLETT PREBON;33,60;280;23 - NECTON INVESTIMENTOS S.A. CVMC;Comprador
FRP0;01/09/2026;10:00:38;39 - AGORA CTVM S/A;33,50;40;85 - BTG Pactual CTVM S.A.;Vendedor
FRP0;01/09/2026;10:00:38;127 - TULLETT PREBON;33,50;40;85 - BTG Pactual CTVM S.A.;Vendedor
FRP0;01/09/2026;09:59:45;127 - TULLETT PREBON;33,50;20;88 - CM Capital Markets CCTVM LTDA;Vendedor
FRP0;01/09/2026;09:59:12;122 - BGC LIQUIDEZ DTVM;33,60;340;147 - ATIVA INVESTIMENTOS S.A. CTCV;Comprador
FRP0;01/09/2026;09:58:20;122 - BGC LIQUIDEZ DTVM;33,50;100;23 - NECTON INVESTIMENTOS S.A. CVMC;Vendedor
FRP0;01/09/2026;09:58:01;122 - BGC LIQUIDEZ DTVM;33,50;20;127 - TULLETT PREBON;Vendedor
FRP0;01/09/2026;09:57:14;122 - BGC LIQUIDEZ DTVM;33,40;40;39 - AGORA CTVM S/A;Comprador
FRP0;01/09/2026;09:57:10;23 - NECTON INVESTIMENTOS S.A. CVMC;33,40;10;39 - AGORA CTVM S/A;Comprador
FRP0;01/09/2026;09:56:46;85 - BTG Pactual CTVM S.A.;33,40;75;39 - AGORA CTVM S/A;Vendedor
FRP0;01/09/2026;09:56:16;127 - TULLETT PREBON;33,30;35;40 - MORGAN STANLEY CTVM S/A;Vendedor
FRP0;01/09/2026;09:56:05;127 - TULLETT PREBON;33,30;70;39 - AGORA CTVM S/A;Comprador
FRP0;01/09/2026;09:55:40;92 - Elliot-Warren;33,30;75;92 - Elliot-Warren;Vendedor
FRP0;01/09/2026;09:55:14;39 - AGORA CTVM S/A;33,30;55;114 - ITAU CV S/A;Vendedor
FRP0;01/09/2026;09:55:14;85 - BTG Pactual CTVM S.A.;33,30;55;114 - ITAU CV S/A;Vendedor
FRP0;01/09/2026;09:54:28;85 - BTG Pactual CTVM S.A.;33,30;10;88 - CM Capital Markets CCTVM LTDA;Vendedor
FRP0;01/09/2026;09:54:09;85 - BTG Pactual CTVM S.A.;33,30;5;3 - XP Investimentos CCTVM S/A;Vendedor
FRP0;01/09/2026;09:54:03;262 - MIRAE ASSET WEALTH MANAGEMENT;33,40;65;23 - NECTON INVESTIMENTOS S.A. CVMC;Comprador
FRP0;01/09/2026;09:52:25;262 - MIRAE ASSET WEALTH MANAGEMENT;33,40;10;23 - NECTON INVESTIMENTOS S.A. CVMC;Comprador
FRP0;01/09/2026;09:52:14;85 - BTG Pactual CTVM S.A.;33,30;10;127 - TULLETT PREBON;Vendedor
FRP0;01/09/2026;09:51:57;85 - BTG Pactual CTVM S.A.;33,30;5;27 - Santander CCVM S/A;Comprador
FRP0;01/09/2026;09:51:57;40 - MORGAN STANLEY CTVM S/A;33,30;5;27 - Santander CCVM S/A;Vendedor
FRP0;01/09/2026;09:51:57;40 - MORGAN STANLEY CTVM S/A;33,30;15;27 - Santander CCVM S/A;Vendedor
FRP0;01/09/2026;09:51:57;40 - MORGAN STANLEY CTVM S/A;33,30;15;27 - Santander CCVM S/A;Vendedor
FRP0;01/09/2026;09:51:57;40 - MORGAN STANLEY CTVM S/A;33,30;15;27 - Santander CCVM S/A;Vendedor
FRP0;01/09/2026;09:51:57;40 - MORGAN STANLEY CTVM S/A;33,30;15;27 - Santander CCVM S/A;Vendedor
FRP0;01/09/2026;09:51:57;40 - MORGAN STANLEY CTVM S/A;33,30;15;27 - Santander CCVM S/A;Vendedor
FRP0;01/09/2026;09:51:57;40 - MORGAN STANLEY CTVM S/A;33,30;15;27 - Santander CCVM S/A;Vendedor
FRP0;01/09/2026;09:51:57;40 - MORGAN STANLEY CTVM S/A;33,30;15;27 - Santander CCVM S/A;Vendedor
FRP0;01/09/2026;09:51:57;40 - MORGAN STANLEY CTVM S/A;33,30;15;27 - Santander CCVM S/A;Vendedor
FRP0;01/09/2026;09:51:56;40 - MORGAN STANLEY CTVM S/A;33,30;15;27 - Santander CCVM S/A;Vendedor
FRP0;01/09/2026;09:51:56;40 - MORGAN STANLEY CTVM S/A;33,30;15;27 - Santander CCVM S/A;Vendedor
FRP0;01/09/2026;09:51:56;40 - MORGAN STANLEY CTVM S/A;33,30;15;27 - Santander CCVM S/A;Vendedor
FRP0;01/09/2026;09:51:56;40 - MORGAN STANLEY CTVM S/A;33,30;15;27 - Santander CCVM S/A;Vendedor
FRP0;01/09/2026;09:51:56;40 - MORGAN STANLEY CTVM S/A;33,30;15;27 - Santander CCVM S/A;Vendedor
FRP0;01/09/2026;09:51:56;40 - MORGAN STANLEY CTVM S/A;33,30;15;27 - Santander CCVM S/A;Vendedor
FRP0;01/09/2026;09:51:56;40 - MORGAN STANLEY CTVM S/A;33,30;15;27 - Santander CCVM S/A;Vendedor
FRP0;01/09/2026;09:51:56;40 - MORGAN STANLEY CTVM S/A;33,30;15;27 - Santander CCVM S/A;Vendedor
FRP0;01/09/2026;09:51:56;40 - MORGAN STANLEY CTVM S/A;33,30;15;27 - Santander CCVM S/A;Vendedor
FRP0;01/09/2026;09:51:56;40 - MORGAN STANLEY CTVM S/A;33,30;15;27 - Santander CCVM S/A;Vendedor
FRP0;01/09/2026;09:51:56;40 - MORGAN STANLEY CTVM S/A;33,30;15;27 - Santander CCVM S/A;Vendedor
FRP0;01/09/2026;09:51:56;40 - MORGAN STANLEY CTVM S/A;33,30;10;27 - Santander CCVM S/A;Comprador
FRP0;01/09/2026;09:51:45;88 - CM Capital Markets CCTVM LTDA;33,30;5;27 - Santander CCVM S/A;Vendedor
FRP0;01/09/2026;09:51:45;88 - CM Capital Markets CCTVM LTDA;33,30;15;27 - Santander CCVM S/A;Vendedor
FRP0;01/09/2026;09:51:45;88 - CM Capital Markets CCTVM LTDA;33,30;15;27 - Santander CCVM S/A;Vendedor
FRP0;01/09/2026;09:51:45;88 - CM Capital Markets CCTVM LTDA;33,30;15;27 - Santander CCVM S/A;Vendedor
FRP0;01/09/2026;09:51:45;88 - CM Capital Markets CCTVM LTDA;33,30;15;27 - Santander CCVM S/A;Vendedor
FRP0;01/09/2026;09:51:45;88 - CM Capital Markets CCTVM LTDA;33,30;15;27 - Santander CCVM S/A;Vendedor
FRP0;01/09/2026;09:51:45;88 - CM Capital Markets CCTVM LTDA;33,30;15;27 - Santander CCVM S/A;Vendedor
FRP0;01/09/2026;09:51:45;88 - CM Capital Markets CCTVM LTDA;33,30;15;27 - Santander CCVM S/A;Vendedor
FRP0;01/09/2026;09:51:45;88 - CM Capital Markets CCTVM LTDA;33,30;15;27 - Santander CCVM S/A;Vendedor
FRP0;01/09/2026;09:51:45;88 - CM Capital Markets CCTVM LTDA;33,30;15;27 - Santander CCVM S/A;Vendedor
FRP0;01/09/2026;09:51:45;88 - CM Capital Markets CCTVM LTDA;33,30;15;27 - Santander CCVM S/A;Vendedor
FRP0;01/09/2026;09:51:45;88 - CM Capital Markets CCTVM LTDA;33,30;15;27 - Santander CCVM S/A;Vendedor
FRP0;01/09/2026;09:51:45;88 - CM Capital Markets CCTVM LTDA;33,30;15;27 - Santander CCVM S/A;Comprador
FRP0;01/09/2026;09:51:45;88 - CM Capital Markets CCTVM LTDA;33,30;50;27 - Santander CCVM S/A;Comprador
FRP0;01/09/2026;09:51:45;88 - CM Capital Markets CCTVM LTDA;33,30;50;27 - Santander CCVM S/A;Comprador
FRP0;01/09/2026;09:51:45;88 - CM Capital Markets CCTVM LTDA;33,30;50;27 - Santander CCVM S/A;Comprador
FRP0;01/09/2026;09:51:45;88 - CM Capital Markets CCTVM LTDA;33,30;90;3 - XP Investimentos CCTVM S/A;Comprador
FRP0;01/09/2026;09:51:45;88 - CM Capital Markets CCTVM LTDA;33,30;15;27 - Santander CCVM S/A;Comprador
FRP0;01/09/2026;09:51:45;88 - CM Capital Markets CCTVM LTDA;33,30;35;88 - CM Capital Markets CCTVM LTDA;Comprador
FRP0;01/09/2026;09:51:45;88 - CM Capital Markets CCTVM LTDA;33,30;25;27 - Santander CCVM S/A;Comprador
FRP0;01/09/2026;09:51:42;85 - BTG Pactual CTVM S.A.;33,30;25;27 - Santander CCVM S/A;Comprador
FRP0;01/09/2026;09:51:42;85 - BTG Pactual CTVM S.A.;33,30;200;92 - Elliot-Warren;Comprador
FRP0;01/09/2026;09:51:40;88 - CM Capital Markets CCTVM LTDA;33,30;10;92 - Elliot-Warren;Comprador
FRP0;01/09/2026;09:51:38;85 - BTG Pactual CTVM S.A.;33,20;5;3 - XP Investimentos CCTVM S/A;Vendedor
FRP0;01/09/2026;09:51:37;262 - MIRAE ASSET WEALTH MANAGEMENT;33,30;60;92 - Elliot-Warren;Comprador
FRP0;01/09/2026;09:50:36;122 - BGC LIQUIDEZ DTVM;33,30;70;92 - Elliot-Warren;Comprador
FRP0;01/09/2026;09:50:07;127 - TULLETT PREBON;33,20;45;127 - TULLETT PREBON;Vendedor
FRP0;01/09/2026;09:49:48;127 - TULLETT PREBON;33,30;70;92 - Elliot-Warren;Comprador
FRP0;01/09/2026;09:49:46;127 - TULLETT PREBON;33,20;55;262 - MIRAE ASSET WEALTH MANAGEMENT;Vendedor
FRP0;01/09/2026;09:49:25;114 - ITAU CV S/A;33,30;20;92 - Elliot-Warren;Comprador
FRP0;01/09/2026;09:48:36;27 - Santander CCVM S/A;33,30;5;92 - Elliot-Warren;Comprador
FRP0;01/09/2026;09:48:36;27 - Santander CCVM S/A;33,30;5;92 - Elliot-Warren;Comprador
FRP0;01/09/2026;09:48:36;27 - Santander CCVM S/A;33,30;5;92 - Elliot-Warren;Comprador
FRP0;01/09/2026;09:48:36;27 - Santander CCVM S/A;33,30;5;92 - Elliot-Warren;Comprador
FRP0;01/09/2026;09:48:36;27 - Santander CCVM S/A;33,30;5;92 - Elliot-Warren;Comprador
FRP0;01/09/2026;09:48:36;27 - Santander CCVM S/A;33,30;5;92 - Elliot-Warren;Comprador
FRP0;01/09/2026;09:48:36;27 - Santander CCVM S/A;33,30;5;92 - Elliot-Warren;Comprador
FRP0;01/09/2026;09:48:36;27 - Santander CCVM S/A;33,30;5;92 - Elliot-Warren;Comprador
FRP0;01/09/2026;09:48:36;27 - Santander CCVM S/A;33,30;5;92 - Elliot-Warren;Comprador
FRP0;01/09/2026;09:48:36;27 - Santander CCVM S/A;33,30;5;92 - Elliot-Warren;Comprador
FRP0;01/09/2026;09:48:36;27 - Santander CCVM S/A;33,30;5;92 - Elliot-Warren;Comprador
FRP0;01/09/2026;09:48:36;27 - Santander CCVM S/A;33,30;5;92 - Elliot-Warren;Comprador
FRP0;01/09/2026;09:48:36;27 - Santander CCVM S/A;33,30;5;92 - Elliot-Warren;Comprador
FRP0;01/09/2026;09:48:36;27 - Santander CCVM S/A;33,30;5;92 - Elliot-Warren;Comprador
FRP0;01/09/2026;09:48:36;27 - Santander CCVM S/A;33,30;5;92 - Elliot-Warren;Comprador
FRP0;01/09/2026;09:48:36;27 - Santander CCVM S/A;33,30;5;92 - Elliot-Warren;Comprador
FRP0;01/09/2026;09:48:36;27 - Santander CCVM S/A;33,30;5;92 - Elliot-Warren;Comprador
FRP0;01/09/2026;09:48:36;27 - Santander CCVM S/A;33,30;5;92 - Elliot-Warren;Comprador
FRP0;01/09/2026;09:48:36;27 - Santander CCVM S/A;33,30;5;92 - Elliot-Warren;Comprador
FRP0;01/09/2026;09:48:36;27 - Santander CCVM S/A;33,30;5;92 - Elliot-Warren;Comprador
FRP0;01/09/2026;09:48:36;27 - Santander CCVM S/A;33,30;5;92 - Elliot-Warren;Comprador
FRP0;01/09/2026;09:48:36;27 - Santander CCVM S/A;33,30;5;92 - Elliot-Warren;Comprador
FRP0;01/09/2026;09:48:36;27 - Santander CCVM S/A;33,30;5;92 - Elliot-Warren;Comprador
FRP0;01/09/2026;09:48:36;27 - Santander CCVM S/A;33,30;5;92 - Elliot-Warren;Comprador
FRP0;01/09/2026;09:48:36;27 - Santander CCVM S/A;33,30;5;92 - Elliot-Warren;Comprador
FRP0;01/09/2026;09:48:36;27 - Santander CCVM S/A;33,30;5;92 - Elliot-Warren;Comprador
FRP0;01/09/2026;09:48:36;27 - Santander CCVM S/A;33,30;5;92 - Elliot-Warren;Comprador
FRP0;01/09/2026;09:48:36;27 - Santander CCVM S/A;33,30;5;92 - Elliot-Warren;Comprador
FRP0;01/09/2026;09:48:36;27 - Santander CCVM S/A;33,30;5;92 - Elliot-Warren;Comprador
FRP0;01/09/2026;09:48:36;27 - Santander CCVM S/A;33,30;5;92 - Elliot-Warren;Comprador
FRP0;01/09/2026;09:48:36;27 - Santander CCVM S/A;33,30;5;92 - Elliot-Warren;Comprador
FRP0;01/09/2026;09:48:36;27 - Santander CCVM S/A;33,30;5;92 - Elliot-Warren;Comprador
FRP0;01/09/2026;09:48:36;27 - Santander CCVM S/A;33,30;5;92 - Elliot-Warren;Comprador
FRP0;01/09/2026;09:48:36;27 - Santander CCVM S/A;33,30;5;92 - Elliot-Warren;Comprador
FRP0;01/09/2026;09:48:36;27 - Santander CCVM S/A;33,30;5;92 - Elliot-Warren;Comprador
FRP0;01/09/2026;09:48:36;27 - Santander CCVM S/A;33,30;5;92 - Elliot-Warren;Comprador
FRP0;01/09/2026;09:48:36;27 - Santander CCVM S/A;33,30;5;92 - Elliot-Warren;Comprador
FRP0;01/09/2026;09:48:35;27 - Santander CCVM S/A;33,30;5;92 - Elliot-Warren;Comprador
FRP0;01/09/2026;09:48:35;27 - Santander CCVM S/A;33,30;5;92 - Elliot-Warren;Comprador
FRP0;01/09/2026;09:48:35;27 - Santander CCVM S/A;33,30;5;92 - Elliot-Warren;Comprador
FRP0;01/09/2026;09:48:35;27 - Santander CCVM S/A;33,30;5;92 - Elliot-Warren;Comprador
FRP0;01/09/2026;09:48:35;27 - Santander CCVM S/A;33,30;5;92 - Elliot-Warren;Comprador
FRP0;01/09/2026;09:48:35;27 - Santander CCVM S/A;33,30;5;92 - Elliot-Warren;Comprador
FRP0;01/09/2026;09:48:35;27 - Santander CCVM S/A;33,30;5;92 - Elliot-Warren;Comprador
FRP0;01/09/2026;09:48:35;27 - Santander CCVM S/A;33,30;5;92 - Elliot-Warren;Comprador
FRP0;01/09/2026;09:48:35;27 - Santander CCVM S/A;33,30;5;92 - Elliot-Warren;Comprador
FRP0;01/09/2026;09:48:35;27 - Santander CCVM S/A;33,30;5;92 - Elliot-Warren;Comprador
FRP0;01/09/2026;09:48:35;27 - Santander CCVM S/A;33,30;5;92 - Elliot-Warren;Comprador
FRP0;01/09/2026;09:48:35;27 - Santander CCVM S/A;33,30;5;92 - Elliot-Warren;Comprador
FRP0;01/09/2026;09:48:35;27 - Santander CCVM S/A;33,30;5;92 - Elliot-Warren;Comprador
FRP0;01/09/2026;09:48:35;27 - Santander CCVM S/A;33,30;5;92 - Elliot-Warren;Comprador
FRP0;01/09/2026;09:48:35;27 - Santander CCVM S/A;33,30;5;92 - Elliot-Warren;Comprador
FRP0;01/09/2026;09:48:35;27 - Santander CCVM S/A;33,30;5;92 - Elliot-Warren;Comprador
FRP0;01/09/2026;09:48:35;27 - Santander CCVM S/A;33,30;5;92 - Elliot-Warren;Comprador
FRP0;01/09/2026;09:48:35;27 - Santander CCVM S/A;33,30;5;92 - Elliot-Warren;Comprador
FRP0;01/09/2026;09:48:35;27 - Santander CCVM S/A;33,30;5;92 - Elliot-Warren;Comprador
FRP0;01/09/2026;09:48:35;27 - Santander CCVM S/A;33,30;5;92 - Elliot-Warren;Comprador
FRP0;01/09/2026;09:48:35;27 - Santander CCVM S/A;33,30;5;92 - Elliot-Warren;Comprador
FRP0;01/09/2026;09:48:35;27 - Santander CCVM S/A;33,30;5;92 - Elliot-Warren;Comprador
FRP0;01/09/2026;09:48:35;27 - Santander CCVM S/A;33,30;5;92 - Elliot-Warren;Comprador
FRP0;01/09/2026;09:48:35;27 - Santander CCVM S/A;33,30;5;92 - Elliot-Warren;Comprador
FRP0;01/09/2026;09:48:35;27 - Santander CCVM S/A;33,30;5;92 - Elliot-Warren;Comprador
FRP0;01/09/2026;09:48:35;27 - Santander CCVM S/A;33,30;5;92 - Elliot-Warren;Comprador
FRP0;01/09/2026;09:48:35;27 - Santander CCVM S/A;33,30;5;92 - Elliot-Warren;Comprador
FRP0;01/09/2026;09:48:35;27 - Santander CCVM S/A;33,30;5;92 - Elliot-Warren;Comprador
FRP0;01/09/2026;09:48:35;27 - Santander CCVM S/A;33,30;5;92 - Elliot-Warren;Comprador
FRP0;01/09/2026;09:48:35;27 - Santander CCVM S/A;33,30;5;92 - Elliot-Warren;Comprador
FRP0;01/09/2026;09:48:35;27 - Santander CCVM S/A;33,30;5;92 - Elliot-Warren;Comprador
FRP0;01/09/2026;09:48:35;27 - Santander CCVM S/A;33,30;5;92 - Elliot-Warren;Comprador
FRP0;01/09/2026;09:48:35;27 - Santander CCVM S/A;33,30;5;92 - Elliot-Warren;Comprador
FRP0;01/09/2026;09:48:35;27 - Santander CCVM S/A;33,30;5;92 - Elliot-Warren;Comprador
FRP0;01/09/2026;09:48:35;27 - Santander CCVM S/A;33,30;5;92 - Elliot-Warren;Comprador
FRP0;01/09/2026;09:48:35;27 - Santander CCVM S/A;33,30;5;92 - Elliot-Warren;Comprador
FRP0;01/09/2026;09:48:35;27 - Santander CCVM S/A;33,30;5;92 - Elliot-Warren;Comprador
FRP0;01/09/2026;09:48:35;27 - Santander CCVM S/A;33,30;5;92 - Elliot-Warren;Comprador
FRP0;01/09/2026;09:48:35;27 - Santander CCVM S/A;33,30;5;92 - Elliot-Warren;Comprador
FRP0;01/09/2026;09:48:35;27 - Santander CCVM S/A;33,30;5;92 - Elliot-Warren;Comprador
FRP0;01/09/2026;09:48:35;27 - Santander CCVM S/A;33,30;5;92 - Elliot-Warren;Comprador
FRP0;01/09/2026;09:48:35;27 - Santander CCVM S/A;33,30;5;92 - Elliot-Warren;Comprador
FRP0;01/09/2026;09:48:35;27 - Santander CCVM S/A;33,30;5;92 - Elliot-Warren;Comprador
FRP0;01/09/2026;09:48:35;27 - Santander CCVM S/A;33,30;5;92 - Elliot-Warren;Comprador
FRP0;01/09/2026;09:48:35;27 - Santander CCVM S/A;33,30;5;92 - Elliot-Warren;Comprador
FRP0;01/09/2026;09:48:35;27 - Santander CCVM S/A;33,30;5;92 - Elliot-Warren;Comprador
FRP0;01/09/2026;09:48:35;27 - Santander CCVM S/A;33,30;5;92 - Elliot-Warren;Comprador
FRP0;01/09/2026;09:48:35;27 - Santander CCVM S/A;33,30;5;92 - Elliot-Warren;Comprador
FRP0;01/09/2026;09:48:35;27 - Santander CCVM S/A;33,30;5;92 - Elliot-Warren;Comprador
FRP0;01/09/2026;09:48:35;27 - Santander CCVM S/A;33,30;5;92 - Elliot-Warren;Comprador
FRP0;01/09/2026;09:48:35;27 - Santander CCVM S/A;33,30;5;92 - Elliot-Warren;Comprador
FRP0;01/09/2026;09:48:35;27 - Santander CCVM S/A;33,30;5;92 - Elliot-Warren;Comprador
FRP0;01/09/2026;09:48:35;27 - Santander CCVM S/A;33,30;5;92 - Elliot-Warren;Comprador
FRP0;01/09/2026;09:48:35;27 - Santander CCVM S/A;33,30;5;92 - Elliot-Warren;Comprador
FRP0;01/09/2026;09:48:35;27 - Santander CCVM S/A;33,30;5;92 - Elliot-Warren;Comprador
FRP0;01/09/2026;09:48:35;27 - Santander CCVM S/A;33,30;5;92 - Elliot-Warren;Comprador
FRP0;01/09/2026;09:48:35;27 - Santander CCVM S/A;33,30;5;92 - Elliot-Warren;Comprador
FRP0;01/09/2026;09:48:35;27 - Santander CCVM S/A;33,30;5;92 - Elliot-Warren;Comprador
FRP0;01/09/2026;09:48:35;27 - Santander CCVM S/A;33,30;5;92 - Elliot-Warren;Comprador
FRP0;01/09/2026;09:48:35;27 - Santander CCVM S/A;33,30;5;92 - Elliot-Warren;Comprador
FRP0;01/09/2026;09:48:35;27 - Santander CCVM S/A;33,30;5;92 - Elliot-Warren;Comprador
FRP0;01/09/2026;09:48:35;27 - Santander CCVM S/A;33,30;5;92 - Elliot-Warren;Comprador
FRP0;01/09/2026;09:48:35;27 - Santander CCVM S/A;33,30;5;92 - Elliot-Warren;Comprador
FRP0;01/09/2026;09:48:31;27 - Santander CCVM S/A;33,30;5;92 - Elliot-Warren;Comprador
FRP0;01/09/2026;09:48:31;27 - Santander CCVM S/A;33,30;5;92 - Elliot-Warren;Comprador
FRP0;01/09/2026;09:48:31;27 - Santander CCVM S/A;33,30;5;92 - Elliot-Warren;Comprador
FRP0;01/09/2026;09:48:31;27 - Santander CCVM S/A;33,30;5;92 - Elliot-Warren;Comprador
FRP0;01/09/2026;09:48:31;27 - Santander CCVM S/A;33,30;5;92 - Elliot-Warren;Comprador
FRP0;01/09/2026;09:48:31;27 - Santander CCVM S/A;33,30;5;92 - Elliot-Warren;Comprador
FRP0;01/09/2026;09:48:31;27 - Santander CCVM S/A;33,30;5;92 - Elliot-Warren;Comprador
FRP0;01/09/2026;09:48:31;23 - NECTON INVESTIMENTOS S.A. CVMC;33,20;80;23 - NECTON INVESTIMENTOS S.A. CVMC;Direto
FRP0;01/09/2026;09:48:31;27 - Santander CCVM S/A;33,30;5;92 - Elliot-Warren;Comprador
FRP0;01/09/2026;09:48:31;27 - Santander CCVM S/A;33,30;5;92 - Elliot-Warren;Comprador
FRP0;01/09/2026;09:48:31;27 - Santander CCVM S/A;33,30;5;92 - Elliot-Warren;Comprador
FRP0;01/09/2026;09:48:31;27 - Santander CCVM S/A;33,30;5;92 - Elliot-Warren;Comprador
FRP0;01/09/2026;09:48:31;27 - Santander CCVM S/A;33,30;5;92 - Elliot-Warren;Comprador
FRP0;01/09/2026;09:48:31;27 - Santander CCVM S/A;33,30;5;92 - Elliot-Warren;Comprador
FRP0;01/09/2026;09:48:31;27 - Santander CCVM S/A;33,30;5;92 - Elliot-Warren;Vendedor
FRP0;01/09/2026;09:48:23;27 - Santander CCVM S/A;33,30;5;92 - Elliot-Warren;Vendedor
FRP0;01/09/2026;09:48:19;27 - Santander CCVM S/A;33,30;5;92 - Elliot-Warren;Vendedor
FRP0;01/09/2026;09:48:14;27 - Santander CCVM S/A;33,30;5;92 - Elliot-Warren;Vendedor
FRP0;01/09/2026;09:48:14;262 - MIRAE ASSET WEALTH MANAGEMENT;33,30;5;92 - Elliot-Warren;Vendedor
FRP0;01/09/2026;09:46:58;262 - MIRAE ASSET WEALTH MANAGEMENT;33,30;50;85 - BTG Pactual CTVM S.A.;Vendedor
FRP0;01/09/2026;09:46:58;27 - Santander CCVM S/A;33,30;5;85 - BTG Pactual CTVM S.A.;Vendedor
FRP0;01/09/2026;09:45:46;27 - Santander CCVM S/A;33,30;5;27 - Santander CCVM S/A;Comprador
FRP0;01/09/2026;09:45:46;27 - Santander CCVM S/A;33,30;5;27 - Santander CCVM S/A;Comprador
FRP0;01/09/2026;09:45:46;27 - Santander CCVM S/A;33,30;5;27 - Santander CCVM S/A;Comprador
FRP0;01/09/2026;09:45:46;27 - Santander CCVM S/A;33,30;5;27 - Santander CCVM S/A;Comprador
FRP0;01/09/2026;09:45:46;27 - Santander CCVM S/A;33,30;5;27 - Santander CCVM S/A;Comprador
FRP0;01/09/2026;09:45:46;27 - Santander CCVM S/A;33,30;5;27 - Santander CCVM S/A;Comprador
FRP0;01/09/2026;09:45:46;27 - Santander CCVM S/A;33,30;5;27 - Santander CCVM S/A;Comprador
FRP0;01/09/2026;09:45:45;27 - Santander CCVM S/A;33,30;5;27 - Santander CCVM S/A;Comprador
FRP0;01/09/2026;09:45:45;27 - Santander CCVM S/A;33,30;5;27 - Santander CCVM S/A;Comprador
FRP0;01/09/2026;09:45:45;27 - Santander CCVM S/A;33,30;5;27 - Santander CCVM S/A;Comprador
FRP0;01/09/2026;09:45:45;27 - Santander CCVM S/A;33,30;5;27 - Santander CCVM S/A;Comprador
FRP0;01/09/2026;09:45:45;27 - Santander CCVM S/A;33,30;5;27 - Santander CCVM S/A;Comprador
FRP0;01/09/2026;09:45:45;27 - Santander CCVM S/A;33,30;5;27 - Santander CCVM S/A;Comprador
FRP0;01/09/2026;09:45:45;27 - Santander CCVM S/A;33,30;5;27 - Santander CCVM S/A;Comprador
FRP0;01/09/2026;09:45:45;27 - Santander CCVM S/A;33,30;5;27 - Santander CCVM S/A;Comprador
FRP0;01/09/2026;09:45:45;27 - Santander CCVM S/A;33,30;5;27 - Santander CCVM S/A;Comprador
FRP0;01/09/2026;09:45:45;27 - Santander CCVM S/A;33,30;5;27 - Santander CCVM S/A;Comprador
FRP0;01/09/2026;09:45:45;27 - Santander CCVM S/A;33,30;5;27 - Santander CCVM S/A;Comprador
FRP0;01/09/2026;09:45:45;27 - Santander CCVM S/A;33,30;5;27 - Santander CCVM S/A;Comprador
FRP0;01/09/2026;09:45:45;27 - Santander CCVM S/A;33,30;5;27 - Santander CCVM S/A;Comprador
FRP0;01/09/2026;09:45:45;27 - Santander CCVM S/A;33,30;5;27 - Santander CCVM S/A;Vendedor
FRP0;01/09/2026;09:45:45;114 - ITAU CV S/A;33,30;95;27 - Santander CCVM S/A;Vendedor
FRP0;01/09/2026;09:45:42;114 - ITAU CV S/A;33,30;125;122 - BGC LIQUIDEZ DTVM;Vendedor
FRP0;01/09/2026;09:45:42;27 - Santander CCVM S/A;33,30;5;122 - BGC LIQUIDEZ DTVM;Vendedor
FRP0;01/09/2026;09:45:14;92 - Elliot-Warren;33,40;20;23 - NECTON INVESTIMENTOS S.A. CVMC;Comprador
FRP0;01/09/2026;09:43:05;1099 - INTER DTVM LTDA;33,40;15;23 - NECTON INVESTIMENTOS S.A. CVMC;Comprador
FRP0;01/09/2026;09:42:50;27 - Santander CCVM S/A;33,30;5;27 - Santander CCVM S/A;Comprador
FRP0;01/09/2026;09:42:50;27 - Santander CCVM S/A;33,30;5;27 - Santander CCVM S/A;Comprador
FRP0;01/09/2026;09:42:50;27 - Santander CCVM S/A;33,30;5;27 - Santander CCVM S/A;Comprador
FRP0;01/09/2026;09:42:50;27 - Santander CCVM S/A;33,30;5;27 - Santander CCVM S/A;Comprador
FRP0;01/09/2026;09:42:50;27 - Santander CCVM S/A;33,30;5;27 - Santander CCVM S/A;Comprador
FRP0;01/09/2026;09:42:50;27 - Santander CCVM S/A;33,30;5;27 - Santander CCVM S/A;Comprador
FRP0;01/09/2026;09:42:50;27 - Santander CCVM S/A;33,30;5;27 - Santander CCVM S/A;Comprador
FRP0;01/09/2026;09:42:50;27 - Santander CCVM S/A;33,30;5;27 - Santander CCVM S/A;Comprador
FRP0;01/09/2026;09:42:50;27 - Santander CCVM S/A;33,30;5;27 - Santander CCVM S/A;Comprador
FRP0;01/09/2026;09:42:50;27 - Santander CCVM S/A;33,30;5;27 - Santander CCVM S/A;Comprador
FRP0;01/09/2026;09:42:50;27 - Santander CCVM S/A;33,30;5;27 - Santander CCVM S/A;Comprador
FRP0;01/09/2026;09:42:50;27 - Santander CCVM S/A;33,30;5;27 - Santander CCVM S/A;Comprador
FRP0;01/09/2026;09:42:50;27 - Santander CCVM S/A;33,30;5;27 - Santander CCVM S/A;Comprador
FRP0;01/09/2026;09:42:50;27 - Santander CCVM S/A;33,30;5;27 - Santander CCVM S/A;Comprador
FRP0;01/09/2026;09:42:50;27 - Santander CCVM S/A;33,30;5;27 - Santander CCVM S/A;Comprador
FRP0;01/09/2026;09:42:50;27 - Santander CCVM S/A;33,30;5;27 - Santander CCVM S/A;Comprador
FRP0;01/09/2026;09:42:50;27 - Santander CCVM S/A;33,30;5;27 - Santander CCVM S/A;Comprador
FRP0;01/09/2026;09:42:50;27 - Santander CCVM S/A;33,30;5;27 - Santander CCVM S/A;Comprador
FRP0;01/09/2026;09:42:50;27 - Santander CCVM S/A;33,30;5;27 - Santander CCVM S/A;Comprador
FRP0;01/09/2026;09:42:50;27 - Santander CCVM S/A;33,30;5;27 - Santander CCVM S/A;Comprador
FRP0;01/09/2026;09:42:50;27 - Santander CCVM S/A;33,30;5;27 - Santander CCVM S/A;Comprador
FRP0;01/09/2026;09:42:50;27 - Santander CCVM S/A;33,30;5;27 - Santander CCVM S/A;Comprador
FRP0;01/09/2026;09:42:50;27 - Santander CCVM S/A;33,30;5;27 - Santander CCVM S/A;Comprador
FRP0;01/09/2026;09:42:50;27 - Santander CCVM S/A;33,30;5;27 - Santander CCVM S/A;Comprador
FRP0;01/09/2026;09:42:50;27 - Santander CCVM S/A;33,30;5;27 - Santander CCVM S/A;Comprador
FRP0;01/09/2026;09:42:50;27 - Santander CCVM S/A;33,30;5;27 - Santander CCVM S/A;Comprador
FRP0;01/09/2026;09:42:50;27 - Santander CCVM S/A;33,30;5;27 - Santander CCVM S/A;Comprador
FRP0;01/09/2026;09:42:50;27 - Santander CCVM S/A;33,30;5;27 - Santander CCVM S/A;Comprador
FRP0;01/09/2026;09:42:50;27 - Santander CCVM S/A;33,30;5;27 - Santander CCVM S/A;Comprador
FRP0;01/09/2026;09:42:50;27 - Santander CCVM S/A;33,30;5;27 - Santander CCVM S/A;Comprador
FRP0;01/09/2026;09:42:50;27 - Santander CCVM S/A;33,30;5;27 - Santander CCVM S/A;Comprador
FRP0;01/09/2026;09:42:50;27 - Santander CCVM S/A;33,30;5;27 - Santander CCVM S/A;Comprador
FRP0;01/09/2026;09:42:50;27 - Santander CCVM S/A;33,30;5;27 - Santander CCVM S/A;Comprador
FRP0;01/09/2026;09:42:50;27 - Santander CCVM S/A;33,30;5;27 - Santander CCVM S/A;Comprador
FRP0;01/09/2026;09:42:50;27 - Santander CCVM S/A;33,30;5;27 - Santander CCVM S/A;Comprador
FRP0;01/09/2026;09:42:50;27 - Santander CCVM S/A;33,30;5;27 - Santander CCVM S/A;Comprador
FRP0;01/09/2026;09:42:50;27 - Santander CCVM S/A;33,30;5;27 - Santander CCVM S/A;Comprador
FRP0;01/09/2026;09:42:50;27 - Santander CCVM S/A;33,30;5;27 - Santander CCVM S/A;Comprador
FRP0;01/09/2026;09:42:50;27 - Santander CCVM S/A;33,30;5;27 - Santander CCVM S/A;Comprador
FRP0;01/09/2026;09:42:50;27 - Santander CCVM S/A;33,30;5;27 - Santander CCVM S/A;Vendedor
FRP0;01/09/2026;09:42:01;27 - Santander CCVM S/A;33,30;5;23 - NECTON INVESTIMENTOS S.A. CVMC;Comprador
FRP0;01/09/2026;09:42:01;27 - Santander CCVM S/A;33,30;5;23 - NECTON INVESTIMENTOS S.A. CVMC;Comprador
FRP0;01/09/2026;09:42:01;27 - Santander CCVM S/A;33,30;5;23 - NECTON INVESTIMENTOS S.A. CVMC;Comprador
FRP0;01/09/2026;09:42:01;27 - Santander CCVM S/A;33,30;5;23 - NECTON INVESTIMENTOS S.A. CVMC;Comprador
FRP0;01/09/2026;09:42:01;27 - Santander CCVM S/A;33,30;5;23 - NECTON INVESTIMENTOS S.A. CVMC;Comprador
FRP0;01/09/2026;09:42:01;27 - Santander CCVM S/A;33,30;5;23 - NECTON INVESTIMENTOS S.A. CVMC;Comprador
FRP0;01/09/2026;09:42:01;27 - Santander CCVM S/A;33,30;5;23 - NECTON INVESTIMENTOS S.A. CVMC;Comprador
FRP0;01/09/2026;09:42:01;27 - Santander CCVM S/A;33,30;5;23 - NECTON INVESTIMENTOS S.A. CVMC;Comprador
FRP0;01/09/2026;09:42:01;27 - Santander CCVM S/A;33,30;5;23 - NECTON INVESTIMENTOS S.A. CVMC;Comprador
FRP0;01/09/2026;09:42:01;27 - Santander CCVM S/A;33,30;5;23 - NECTON INVESTIMENTOS S.A. CVMC;Comprador
FRP0;01/09/2026;09:42:01;27 - Santander CCVM S/A;33,30;5;23 - NECTON INVESTIMENTOS S.A. CVMC;Comprador
FRP0;01/09/2026;09:42:01;27 - Santander CCVM S/A;33,30;5;23 - NECTON INVESTIMENTOS S.A. CVMC;Comprador
FRP0;01/09/2026;09:42:01;27 - Santander CCVM S/A;33,30;5;23 - NECTON INVESTIMENTOS S.A. CVMC;Comprador
FRP0;01/09/2026;09:42:00;27 - Santander CCVM S/A;33,30;5;23 - NECTON INVESTIMENTOS S.A. CVMC;Comprador
FRP0;01/09/2026;09:42:00;27 - Santander CCVM S/A;33,30;5;23 - NECTON INVESTIMENTOS S.A. CVMC;Comprador
FRP0;01/09/2026;09:42:00;27 - Santander CCVM S/A;33,30;5;23 - NECTON INVESTIMENTOS S.A. CVMC;Comprador
FRP0;01/09/2026;09:42:00;27 - Santander CCVM S/A;33,30;5;23 - NECTON INVESTIMENTOS S.A. CVMC;Comprador
FRP0;01/09/2026;09:42:00;27 - Santander CCVM S/A;33,30;5;23 - NECTON INVESTIMENTOS S.A. CVMC;Comprador
FRP0;01/09/2026;09:42:00;27 - Santander CCVM S/A;33,30;5;23 - NECTON INVESTIMENTOS S.A. CVMC;Comprador
FRP0;01/09/2026;09:42:00;27 - Santander CCVM S/A;33,30;5;23 - NECTON INVESTIMENTOS S.A. CVMC;Comprador
FRP0;01/09/2026;09:41:56;27 - Santander CCVM S/A;33,30;5;23 - NECTON INVESTIMENTOS S.A. CVMC;Comprador
FRP0;01/09/2026;09:41:56;27 - Santander CCVM S/A;33,30;5;23 - NECTON INVESTIMENTOS S.A. CVMC;Comprador
FRP0;01/09/2026;09:41:56;27 - Santander CCVM S/A;33,30;5;23 - NECTON INVESTIMENTOS S.A. CVMC;Comprador
FRP0;01/09/2026;09:41:56;27 - Santander CCVM S/A;33,30;5;23 - NECTON INVESTIMENTOS S.A. CVMC;Comprador
FRP0;01/09/2026;09:41:56;27 - Santander CCVM S/A;33,30;5;23 - NECTON INVESTIMENTOS S.A. CVMC;Comprador
FRP0;01/09/2026;09:41:56;27 - Santander CCVM S/A;33,30;5;23 - NECTON INVESTIMENTOS S.A. CVMC;Comprador
FRP0;01/09/2026;09:41:56;27 - Santander CCVM S/A;33,30;5;23 - NECTON INVESTIMENTOS S.A. CVMC;Comprador
FRP0;01/09/2026;09:41:56;27 - Santander CCVM S/A;33,30;5;23 - NECTON INVESTIMENTOS S.A. CVMC;Comprador
FRP0;01/09/2026;09:41:56;27 - Santander CCVM S/A;33,30;5;23 - NECTON INVESTIMENTOS S.A. CVMC;Comprador
FRP0;01/09/2026;09:41:56;27 - Santander CCVM S/A;33,30;5;23 - NECTON INVESTIMENTOS S.A. CVMC;Comprador
FRP0;01/09/2026;09:41:56;27 - Santander CCVM S/A;33,30;5;23 - NECTON INVESTIMENTOS S.A. CVMC;Comprador
FRP0;01/09/2026;09:41:56;27 - Santander CCVM S/A;33,30;5;23 - NECTON INVESTIMENTOS S.A. CVMC;Comprador
FRP0;01/09/2026;09:41:56;27 - Santander CCVM S/A;33,30;5;23 - NECTON INVESTIMENTOS S.A. CVMC;Comprador
FRP0;01/09/2026;09:41:56;27 - Santander CCVM S/A;33,30;5;23 - NECTON INVESTIMENTOS S.A. CVMC;Comprador
FRP0;01/09/2026;09:41:56;27 - Santander CCVM S/A;33,30;5;23 - NECTON INVESTIMENTOS S.A. CVMC;Comprador
FRP0;01/09/2026;09:41:56;27 - Santander CCVM S/A;33,30;5;23 - NECTON INVESTIMENTOS S.A. CVMC;Comprador
FRP0;01/09/2026;09:41:56;27 - Santander CCVM S/A;33,30;5;23 - NECTON INVESTIMENTOS S.A. CVMC;Comprador
FRP0;01/09/2026;09:41:56;27 - Santander CCVM S/A;33,30;5;23 - NECTON INVESTIMENTOS S.A. CVMC;Comprador
FRP0;01/09/2026;09:41:56;27 - Santander CCVM S/A;33,30;5;23 - NECTON INVESTIMENTOS S.A. CVMC;Comprador
FRP0;01/09/2026;09:41:56;27 - Santander CCVM S/A;33,30;5;23 - NECTON INVESTIMENTOS S.A. CVMC;Comprador
FRP0;01/09/2026;09:41:56;27 - Santander CCVM S/A;33,30;5;23 - NECTON INVESTIMENTOS S.A. CVMC;Comprador
FRP0;01/09/2026;09:41:56;27 - Santander CCVM S/A;33,30;5;23 - NECTON INVESTIMENTOS S.A. CVMC;Comprador
FRP0;01/09/2026;09:41:56;27 - Santander CCVM S/A;33,30;5;23 - NECTON INVESTIMENTOS S.A. CVMC;Comprador
FRP0;01/09/2026;09:41:56;27 - Santander CCVM S/A;33,30;5;23 - NECTON INVESTIMENTOS S.A. CVMC;Comprador
FRP0;01/09/2026;09:41:56;27 - Santander CCVM S/A;33,30;5;23 - NECTON INVESTIMENTOS S.A. CVMC;Comprador
FRP0;01/09/2026;09:41:56;27 - Santander CCVM S/A;33,30;5;23 - NECTON INVESTIMENTOS S.A. CVMC;Comprador
FRP0;01/09/2026;09:41:56;27 - Santander CCVM S/A;33,30;5;23 - NECTON INVESTIMENTOS S.A. CVMC;Comprador
FRP0;01/09/2026;09:41:56;27 - Santander CCVM S/A;33,30;5;23 - NECTON INVESTIMENTOS S.A. CVMC;Comprador
FRP0;01/09/2026;09:41:56;27 - Santander CCVM S/A;33,30;5;23 - NECTON INVESTIMENTOS S.A. CVMC;Comprador
FRP0;01/09/2026;09:41:56;27 - Santander CCVM S/A;33,30;5;23 - NECTON INVESTIMENTOS S.A. CVMC;Comprador
FRP0;01/09/2026;09:41:56;27 - Santander CCVM S/A;33,30;5;23 - NECTON INVESTIMENTOS S.A. CVMC;Comprador
FRP0;01/09/2026;09:41:56;27 - Santander CCVM S/A;33,30;5;23 - NECTON INVESTIMENTOS S.A. CVMC;Comprador
FRP0;01/09/2026;09:41:56;27 - Santander CCVM S/A;33,30;5;23 - NECTON INVESTIMENTOS S.A. CVMC;Comprador
FRP0;01/09/2026;09:41:56;27 - Santander CCVM S/A;33,30;5;23 - NECTON INVESTIMENTOS S.A. CVMC;Comprador
FRP0;01/09/2026;09:41:56;27 - Santander CCVM S/A;33,30;5;23 - NECTON INVESTIMENTOS S.A. CVMC;Comprador
FRP0;01/09/2026;09:41:56;27 - Santander CCVM S/A;33,30;5;23 - NECTON INVESTIMENTOS S.A. CVMC;Comprador
FRP0;01/09/2026;09:41:56;27 - Santander CCVM S/A;33,30;5;23 - NECTON INVESTIMENTOS S.A. CVMC;Comprador
FRP0;01/09/2026;09:41:56;27 - Santander CCVM S/A;33,30;5;23 - NECTON INVESTIMENTOS S.A. CVMC;Comprador
FRP0;01/09/2026;09:41:56;27 - Santander CCVM S/A;33,30;5;23 - NECTON INVESTIMENTOS S.A. CVMC;Comprador
FRP0;01/09/2026;09:41:56;27 - Santander CCVM S/A;33,30;5;23 - NECTON INVESTIMENTOS S.A. CVMC;Comprador
FRP0;01/09/2026;09:41:56;27 - Santander CCVM S/A;33,30;5;23 - NECTON INVESTIMENTOS S.A. CVMC;Comprador
FRP0;01/09/2026;09:41:56;27 - Santander CCVM S/A;33,30;5;23 - NECTON INVESTIMENTOS S.A. CVMC;Comprador
FRP0;01/09/2026;09:41:56;27 - Santander CCVM S/A;33,30;5;23 - NECTON INVESTIMENTOS S.A. CVMC;Comprador
FRP0;01/09/2026;09:41:56;27 - Santander CCVM S/A;33,30;5;23 - NECTON INVESTIMENTOS S.A. CVMC;Comprador
FRP0;01/09/2026;09:41:56;27 - Santander CCVM S/A;33,30;5;23 - NECTON INVESTIMENTOS S.A. CVMC;Comprador
FRP0;01/09/2026;09:41:56;27 - Santander CCVM S/A;33,30;5;23 - NECTON INVESTIMENTOS S.A. CVMC;Comprador
FRP0;01/09/2026;09:41:56;27 - Santander CCVM S/A;33,30;5;23 - NECTON INVESTIMENTOS S.A. CVMC;Comprador
FRP0;01/09/2026;09:41:56;27 - Santander CCVM S/A;33,30;5;23 - NECTON INVESTIMENTOS S.A. CVMC;Comprador
FRP0;01/09/2026;09:41:56;27 - Santander CCVM S/A;33,30;5;23 - NECTON INVESTIMENTOS S.A. CVMC;Comprador
FRP0;01/09/2026;09:41:56;27 - Santander CCVM S/A;33,30;5;23 - NECTON INVESTIMENTOS S.A. CVMC;Comprador
FRP0;01/09/2026;09:41:56;27 - Santander CCVM S/A;33,30;5;23 - NECTON INVESTIMENTOS S.A. CVMC;Comprador
FRP0;01/09/2026;09:41:56;27 - Santander CCVM S/A;33,30;5;23 - NECTON INVESTIMENTOS S.A. CVMC;Comprador
FRP0;01/09/2026;09:41:56;27 - Santander CCVM S/A;33,30;5;23 - NECTON INVESTIMENTOS S.A. CVMC;Comprador
FRP0;01/09/2026;09:41:56;27 - Santander CCVM S/A;33,30;5;23 - NECTON INVESTIMENTOS S.A. CVMC;Comprador
FRP0;01/09/2026;09:41:56;27 - Santander CCVM S/A;33,30;5;23 - NECTON INVESTIMENTOS S.A. CVMC;Comprador
FRP0;01/09/2026;09:41:56;27 - Santander CCVM S/A;33,30;5;23 - NECTON INVESTIMENTOS S.A. CVMC;Comprador
FRP0;01/09/2026;09:41:56;27 - Santander CCVM S/A;33,30;5;23 - NECTON INVESTIMENTOS S.A. CVMC;Comprador
FRP0;01/09/2026;09:41:56;27 - Santander CCVM S/A;33,30;5;23 - NECTON INVESTIMENTOS S.A. CVMC;Comprador
FRP0;01/09/2026;09:41:56;27 - Santander CCVM S/A;33,30;5;23 - NECTON INVESTIMENTOS S.A. CVMC;Comprador
FRP0;01/09/2026;09:41:56;27 - Santander CCVM S/A;33,30;5;23 - NECTON INVESTIMENTOS S.A. CVMC;Comprador
FRP0;01/09/2026;09:41:56;27 - Santander CCVM S/A;33,30;5;23 - NECTON INVESTIMENTOS S.A. CVMC;Comprador
FRP0;01/09/2026;09:41:56;27 - Santander CCVM S/A;33,30;5;23 - NECTON INVESTIMENTOS S.A. CVMC;Comprador
FRP0;01/09/2026;09:41:56;27 - Santander CCVM S/A;33,30;5;23 - NECTON INVESTIMENTOS S.A. CVMC;Comprador
FRP0;01/09/2026;09:41:56;27 - Santander CCVM S/A;33,30;5;23 - NECTON INVESTIMENTOS S.A. CVMC;Comprador
FRP0;01/09/2026;09:41:56;27 - Santander CCVM S/A;33,30;5;23 - NECTON INVESTIMENTOS S.A. CVMC;Comprador
FRP0;01/09/2026;09:41:56;27 - Santander CCVM S/A;33,30;5;23 - NECTON INVESTIMENTOS S.A. CVMC;Comprador
FRP0;01/09/2026;09:41:56;27 - Santander CCVM S/A;33,30;5;23 - NECTON INVESTIMENTOS S.A. CVMC;Comprador
FRP0;01/09/2026;09:41:56;27 - Santander CCVM S/A;33,30;5;23 - NECTON INVESTIMENTOS S.A. CVMC;Comprador
FRP0;01/09/2026;09:41:56;27 - Santander CCVM S/A;33,30;5;23 - NECTON INVESTIMENTOS S.A. CVMC;Comprador
FRP0;01/09/2026;09:41:56;27 - Santander CCVM S/A;33,30;5;23 - NECTON INVESTIMENTOS S.A. CVMC;Comprador
FRP0;01/09/2026;09:41:56;27 - Santander CCVM S/A;33,30;5;23 - NECTON INVESTIMENTOS S.A. CVMC;Comprador
FRP0;01/09/2026;09:41:56;27 - Santander CCVM S/A;33,30;5;23 - NECTON INVESTIMENTOS S.A. CVMC;Comprador
FRP0;01/09/2026;09:41:56;27 - Santander CCVM S/A;33,30;5;23 - NECTON INVESTIMENTOS S.A. CVMC;Comprador
FRP0;01/09/2026;09:41:56;27 - Santander CCVM S/A;33,30;5;23 - NECTON INVESTIMENTOS S.A. CVMC;Comprador
FRP0;01/09/2026;09:41:56;27 - Santander CCVM S/A;33,30;5;23 - NECTON INVESTIMENTOS S.A. CVMC;Comprador
FRP0;01/09/2026;09:41:56;27 - Santander CCVM S/A;33,30;5;23 - NECTON INVESTIMENTOS S.A. CVMC;Comprador
FRP0;01/09/2026;09:41:56;27 - Santander CCVM S/A;33,30;5;23 - NECTON INVESTIMENTOS S.A. CVMC;Comprador
FRP0;01/09/2026;09:41:56;27 - Santander CCVM S/A;33,30;5;23 - NECTON INVESTIMENTOS S.A. CVMC;Comprador
FRP0;01/09/2026;09:41:56;27 - Santander CCVM S/A;33,30;5;23 - NECTON INVESTIMENTOS S.A. CVMC;Comprador
FRP0;01/09/2026;09:41:56;27 - Santander CCVM S/A;33,30;5;23 - NECTON INVESTIMENTOS S.A. CVMC;Comprador
FRP0;01/09/2026;09:41:56;27 - Santander CCVM S/A;33,30;5;23 - NECTON INVESTIMENTOS S.A. CVMC;Comprador
FRP0;01/09/2026;09:41:56;27 - Santander CCVM S/A;33,30;5;23 - NECTON INVESTIMENTOS S.A. CVMC;Comprador
FRP0;01/09/2026;09:41:56;27 - Santander CCVM S/A;33,30;5;23 - NECTON INVESTIMENTOS S.A. CVMC;Comprador
FRP0;01/09/2026;09:41:56;27 - Santander CCVM S/A;33,30;5;23 - NECTON INVESTIMENTOS S.A. CVMC;Comprador
FRP0;01/09/2026;09:41:56;27 - Santander CCVM S/A;33,30;5;23 - NECTON INVESTIMENTOS S.A. CVMC;Comprador
FRP0;01/09/2026;09:41:56;27 - Santander CCVM S/A;33,30;5;23 - NECTON INVESTIMENTOS S.A. CVMC;Comprador
FRP0;01/09/2026;09:41:56;27 - Santander CCVM S/A;33,30;5;23 - NECTON INVESTIMENTOS S.A. CVMC;Comprador
FRP0;01/09/2026;09:41:56;27 - Santander CCVM S/A;33,30;5;23 - NECTON INVESTIMENTOS S.A. CVMC;Comprador
FRP0;01/09/2026;09:41:56;27 - Santander CCVM S/A;33,30;5;23 - NECTON INVESTIMENTOS S.A. CVMC;Comprador
FRP0;01/09/2026;09:41:56;27 - Santander CCVM S/A;33,30;5;23 - NECTON INVESTIMENTOS S.A. CVMC;Comprador
FRP0;01/09/2026;09:41:56;27 - Santander CCVM S/A;33,30;5;23 - NECTON INVESTIMENTOS S.A. CVMC;Comprador
FRP0;01/09/2026;09:41:56;27 - Santander CCVM S/A;33,30;5;23 - NECTON INVESTIMENTOS S.A. CVMC;Comprador
FRP0;01/09/2026;09:41:56;27 - Santander CCVM S/A;33,30;5;23 - NECTON INVESTIMENTOS S.A. CVMC;Comprador
FRP0;01/09/2026;09:41:56;27 - Santander CCVM S/A;33,30;5;23 - NECTON INVESTIMENTOS S.A. CVMC;Comprador
FRP0;01/09/2026;09:41:56;27 - Santander CCVM S/A;33,30;5;23 - NECTON INVESTIMENTOS S.A. CVMC;Comprador
FRP0;01/09/2026;09:41:56;27 - Santander CCVM S/A;33,30;5;23 - NECTON INVESTIMENTOS S.A. CVMC;Comprador
FRP0;01/09/2026;09:41:56;27 - Santander CCVM S/A;33,30;5;23 - NECTON INVESTIMENTOS S.A. CVMC;Comprador
FRP0;01/09/2026;09:41:56;27 - Santander CCVM S/A;33,30;5;23 - NECTON INVESTIMENTOS S.A. CVMC;Comprador
FRP0;01/09/2026;09:41:56;27 - Santander CCVM S/A;33,30;5;23 - NECTON INVESTIMENTOS S.A. CVMC;Comprador
FRP0;01/09/2026;09:41:56;27 - Santander CCVM S/A;33,30;5;23 - NECTON INVESTIMENTOS S.A. CVMC;Comprador
FRP0;01/09/2026;09:41:50;27 - Santander CCVM S/A;33,30;5;23 - NECTON INVESTIMENTOS S.A. CVMC;Comprador
FRP0;01/09/2026;09:41:50;27 - Santander CCVM S/A;33,30;5;23 - NECTON INVESTIMENTOS S.A. CVMC;Comprador
FRP0;01/09/2026;09:41:50;27 - Santander CCVM S/A;33,30;5;23 - NECTON INVESTIMENTOS S.A. CVMC;Comprador
FRP0;01/09/2026;09:41:50;27 - Santander CCVM S/A;33,30;5;23 - NECTON INVESTIMENTOS S.A. CVMC;Comprador
FRP0;01/09/2026;09:41:50;27 - Santander CCVM S/A;33,30;5;23 - NECTON INVESTIMENTOS S.A. CVMC;Comprador
FRP0;01/09/2026;09:41:50;27 - Santander CCVM S/A;33,30;5;23 - NECTON INVESTIMENTOS S.A. CVMC;Comprador
FRP0;01/09/2026;09:41:50;27 - Santander CCVM S/A;33,30;5;23 - NECTON INVESTIMENTOS S.A. CVMC;Comprador
FRP0;01/09/2026;09:41:50;27 - Santander CCVM S/A;33,30;5;23 - NECTON INVESTIMENTOS S.A. CVMC;Comprador
FRP0;01/09/2026;09:41:50;27 - Santander CCVM S/A;33,30;5;23 - NECTON INVESTIMENTOS S.A. CVMC;Comprador
FRP0;01/09/2026;09:41:50;27 - Santander CCVM S/A;33,30;5;23 - NECTON INVESTIMENTOS S.A. CVMC;Comprador
FRP0;01/09/2026;09:41:50;27 - Santander CCVM S/A;33,30;5;23 - NECTON INVESTIMENTOS S.A. CVMC;Comprador
FRP0;01/09/2026;09:41:50;27 - Santander CCVM S/A;33,30;5;23 - NECTON INVESTIMENTOS S.A. CVMC;Comprador
FRP0;01/09/2026;09:41:50;27 - Santander CCVM S/A;33,30;5;23 - NECTON INVESTIMENTOS S.A. CVMC;Comprador
FRP0;01/09/2026;09:41:50;27 - Santander CCVM S/A;33,30;5;23 - NECTON INVESTIMENTOS S.A. CVMC;Comprador
FRP0;01/09/2026;09:41:50;27 - Santander CCVM S/A;33,30;5;23 - NECTON INVESTIMENTOS S.A. CVMC;Comprador
FRP0;01/09/2026;09:41:50;27 - Santander CCVM S/A;33,30;5;23 - NECTON INVESTIMENTOS S.A. CVMC;Comprador
FRP0;01/09/2026;09:41:50;27 - Santander CCVM S/A;33,30;5;23 - NECTON INVESTIMENTOS S.A. CVMC;Comprador
FRP0;01/09/2026;09:41:50;27 - Santander CCVM S/A;33,30;5;23 - NECTON INVESTIMENTOS S.A. CVMC;Comprador
FRP0;01/09/2026;09:41:50;27 - Santander CCVM S/A;33,30;5;23 - NECTON INVESTIMENTOS S.A. CVMC;Comprador
FRP0;01/09/2026;09:41:50;27 - Santander CCVM S/A;33,30;5;23 - NECTON INVESTIMENTOS S.A. CVMC;Comprador
FRP0;01/09/2026;09:41:50;27 - Santander CCVM S/A;33,30;5;23 - NECTON INVESTIMENTOS S.A. CVMC;Comprador
FRP0;01/09/2026;09:41:50;27 - Santander CCVM S/A;33,30;5;23 - NECTON INVESTIMENTOS S.A. CVMC;Comprador
FRP0;01/09/2026;09:41:50;27 - Santander CCVM S/A;33,30;5;23 - NECTON INVESTIMENTOS S.A. CVMC;Comprador
FRP0;01/09/2026;09:41:50;27 - Santander CCVM S/A;33,30;5;23 - NECTON INVESTIMENTOS S.A. CVMC;Comprador
FRP0;01/09/2026;09:41:50;27 - Santander CCVM S/A;33,30;5;23 - NECTON INVESTIMENTOS S.A. CVMC;Comprador
FRP0;01/09/2026;09:41:50;27 - Santander CCVM S/A;33,30;5;23 - NECTON INVESTIMENTOS S.A. CVMC;Comprador
FRP0;01/09/2026;09:41:50;27 - Santander CCVM S/A;33,30;5;23 - NECTON INVESTIMENTOS S.A. CVMC;Comprador
FRP0;01/09/2026;09:41:50;27 - Santander CCVM S/A;33,30;5;23 - NECTON INVESTIMENTOS S.A. CVMC;Comprador
FRP0;01/09/2026;09:41:50;27 - Santander CCVM S/A;33,30;5;23 - NECTON INVESTIMENTOS S.A. CVMC;Comprador
FRP0;01/09/2026;09:41:50;27 - Santander CCVM S/A;33,30;5;23 - NECTON INVESTIMENTOS S.A. CVMC;Comprador
FRP0;01/09/2026;09:41:50;27 - Santander CCVM S/A;33,30;5;23 - NECTON INVESTIMENTOS S.A. CVMC;Comprador
FRP0;01/09/2026;09:41:50;27 - Santander CCVM S/A;33,30;5;23 - NECTON INVESTIMENTOS S.A. CVMC;Comprador
FRP0;01/09/2026;09:41:50;27 - Santander CCVM S/A;33,30;5;23 - NECTON INVESTIMENTOS S.A. CVMC;Comprador
FRP0;01/09/2026;09:41:50;27 - Santander CCVM S/A;33,30;5;23 - NECTON INVESTIMENTOS S.A. CVMC;Comprador
FRP0;01/09/2026;09:41:50;27 - Santander CCVM S/A;33,30;5;23 - NECTON INVESTIMENTOS S.A. CVMC;Comprador
FRP0;01/09/2026;09:41:50;27 - Santander CCVM S/A;33,30;5;23 - NECTON INVESTIMENTOS S.A. CVMC;Comprador
FRP0;01/09/2026;09:41:50;27 - Santander CCVM S/A;33,30;5;23 - NECTON INVESTIMENTOS S.A. CVMC;Comprador
FRP0;01/09/2026;09:41:50;27 - Santander CCVM S/A;33,30;5;23 - NECTON INVESTIMENTOS S.A. CVMC;Comprador
FRP0;01/09/2026;09:41:50;27 - Santander CCVM S/A;33,30;5;23 - NECTON INVESTIMENTOS S.A. CVMC;Comprador
FRP0;01/09/2026;09:41:50;27 - Santander CCVM S/A;33,30;5;23 - NECTON INVESTIMENTOS S.A. CVMC;Comprador
FRP0;01/09/2026;09:41:50;27 - Santander CCVM S/A;33,30;5;23 - NECTON INVESTIMENTOS S.A. CVMC;Comprador
FRP0;01/09/2026;09:41:50;27 - Santander CCVM S/A;33,30;5;23 - NECTON INVESTIMENTOS S.A. CVMC;Comprador
FRP0;01/09/2026;09:41:50;27 - Santander CCVM S/A;33,30;5;23 - NECTON INVESTIMENTOS S.A. CVMC;Comprador
FRP0;01/09/2026;09:41:50;27 - Santander CCVM S/A;33,30;5;23 - NECTON INVESTIMENTOS S.A. CVMC;Comprador
FRP0;01/09/2026;09:41:50;27 - Santander CCVM S/A;33,30;5;23 - NECTON INVESTIMENTOS S.A. CVMC;Comprador
FRP0;01/09/2026;09:41:50;27 - Santander CCVM S/A;33,30;5;23 - NECTON INVESTIMENTOS S.A. CVMC;Comprador
FRP0;01/09/2026;09:41:50;27 - Santander CCVM S/A;33,30;5;23 - NECTON INVESTIMENTOS S.A. CVMC;Comprador
FRP0;01/09/2026;09:41:50;27 - Santander CCVM S/A;33,30;5;23 - NECTON INVESTIMENTOS S.A. CVMC;Comprador
FRP0;01/09/2026;09:41:50;27 - Santander CCVM S/A;33,30;5;23 - NECTON INVESTIMENTOS S.A. CVMC;Comprador
FRP0;01/09/2026;09:41:50;27 - Santander CCVM S/A;33,30;5;23 - NECTON INVESTIMENTOS S.A. CVMC;Comprador
FRP0;01/09/2026;09:41:50;27 - Santander CCVM S/A;33,30;5;23 - NECTON INVESTIMENTOS S.A. CVMC;Comprador
FRP0;01/09/2026;09:41:50;27 - Santander CCVM S/A;33,30;5;23 - NECTON INVESTIMENTOS S.A. CVMC;Comprador
FRP0;01/09/2026;09:41:50;27 - Santander CCVM S/A;33,30;5;23 - NECTON INVESTIMENTOS S.A. CVMC;Comprador
FRP0;01/09/2026;09:41:50;27 - Santander CCVM S/A;33,30;5;23 - NECTON INVESTIMENTOS S.A. CVMC;Comprador
FRP0;01/09/2026;09:41:50;27 - Santander CCVM S/A;33,30;5;23 - NECTON INVESTIMENTOS S.A. CVMC;Comprador
FRP0;01/09/2026;09:41:50;27 - Santander CCVM S/A;33,30;5;23 - NECTON INVESTIMENTOS S.A. CVMC;Comprador
FRP0;01/09/2026;09:41:50;27 - Santander CCVM S/A;33,30;5;23 - NECTON INVESTIMENTOS S.A. CVMC;Comprador
FRP0;01/09/2026;09:41:50;27 - Santander CCVM S/A;33,30;5;23 - NECTON INVESTIMENTOS S.A. CVMC;Comprador
FRP0;01/09/2026;09:41:50;27 - Santander CCVM S/A;33,30;5;23 - NECTON INVESTIMENTOS S.A. CVMC;Comprador
FRP0;01/09/2026;09:41:50;27 - Santander CCVM S/A;33,30;5;23 - NECTON INVESTIMENTOS S.A. CVMC;Comprador
FRP0;01/09/2026;09:41:50;27 - Santander CCVM S/A;33,30;5;23 - NECTON INVESTIMENTOS S.A. CVMC;Comprador
FRP0;01/09/2026;09:41:50;27 - Santander CCVM S/A;33,30;5;23 - NECTON INVESTIMENTOS S.A. CVMC;Comprador
FRP0;01/09/2026;09:41:50;27 - Santander CCVM S/A;33,30;5;23 - NECTON INVESTIMENTOS S.A. CVMC;Comprador
FRP0;01/09/2026;09:41:50;27 - Santander CCVM S/A;33,30;5;23 - NECTON INVESTIMENTOS S.A. CVMC;Comprador
FRP0;01/09/2026;09:41:50;27 - Santander CCVM S/A;33,30;5;23 - NECTON INVESTIMENTOS S.A. CVMC;Comprador
FRP0;01/09/2026;09:41:50;27 - Santander CCVM S/A;33,30;5;23 - NECTON INVESTIMENTOS S.A. CVMC;Comprador
FRP0;01/09/2026;09:41:50;27 - Santander CCVM S/A;33,30;5;23 - NECTON INVESTIMENTOS S.A. CVMC;Comprador
FRP0;01/09/2026;09:41:50;27 - Santander CCVM S/A;33,30;5;23 - NECTON INVESTIMENTOS S.A. CVMC;Comprador
FRP0;01/09/2026;09:41:50;27 - Santander CCVM S/A;33,30;5;23 - NECTON INVESTIMENTOS S.A. CVMC;Comprador
FRP0;01/09/2026;09:41:50;27 - Santander CCVM S/A;33,30;5;23 - NECTON INVESTIMENTOS S.A. CVMC;Comprador
FRP0;01/09/2026;09:41:50;27 - Santander CCVM S/A;33,30;5;23 - NECTON INVESTIMENTOS S.A. CVMC;Comprador
FRP0;01/09/2026;09:41:50;27 - Santander CCVM S/A;33,30;5;23 - NECTON INVESTIMENTOS S.A. CVMC;Comprador
FRP0;01/09/2026;09:41:50;27 - Santander CCVM S/A;33,30;5;23 - NECTON INVESTIMENTOS S.A. CVMC;Comprador
FRP0;01/09/2026;09:41:50;27 - Santander CCVM S/A;33,30;5;23 - NECTON INVESTIMENTOS S.A. CVMC;Comprador
FRP0;01/09/2026;09:41:50;27 - Santander CCVM S/A;33,30;5;23 - NECTON INVESTIMENTOS S.A. CVMC;Comprador
FRP0;01/09/2026;09:41:50;27 - Santander CCVM S/A;33,30;5;23 - NECTON INVESTIMENTOS S.A. CVMC;Comprador
FRP0;01/09/2026;09:41:50;27 - Santander CCVM S/A;33,30;5;23 - NECTON INVESTIMENTOS S.A. CVMC;Comprador
FRP0;01/09/2026;09:41:50;27 - Santander CCVM S/A;33,30;5;23 - NECTON INVESTIMENTOS S.A. CVMC;Comprador
FRP0;01/09/2026;09:41:50;27 - Santander CCVM S/A;33,30;5;23 - NECTON INVESTIMENTOS S.A. CVMC;Comprador
FRP0;01/09/2026;09:41:50;27 - Santander CCVM S/A;33,30;5;23 - NECTON INVESTIMENTOS S.A. CVMC;Vendedor
FRP0;01/09/2026;09:41:47;27 - Santander CCVM S/A;33,30;5;3 - XP Investimentos CCTVM S/A;Comprador
FRP0;01/09/2026;09:41:47;27 - Santander CCVM S/A;33,30;5;3 - XP Investimentos CCTVM S/A;Comprador
FRP0;01/09/2026;09:41:47;27 - Santander CCVM S/A;33,30;5;3 - XP Investimentos CCTVM S/A;Comprador
FRP0;01/09/2026;09:41:47;27 - Santander CCVM S/A;33,30;5;3 - XP Investimentos CCTVM S/A;Comprador
FRP0;01/09/2026;09:41:47;27 - Santander CCVM S/A;33,30;5;3 - XP Investimentos CCTVM S/A;Comprador
FRP0;01/09/2026;09:41:47;27 - Santander CCVM S/A;33,30;5;3 - XP Investimentos CCTVM S/A;Comprador
FRP0;01/09/2026;09:41:47;27 - Santander CCVM S/A;33,30;5;3 - XP Investimentos CCTVM S/A;Comprador
FRP0;01/09/2026;09:41:47;27 - Santander CCVM S/A;33,30;5;3 - XP Investimentos CCTVM S/A;Comprador
FRP0;01/09/2026;09:41:47;27 - Santander CCVM S/A;33,30;5;3 - XP Investimentos CCTVM S/A;Comprador
FRP0;01/09/2026;09:41:47;27 - Santander CCVM S/A;33,30;5;3 - XP Investimentos CCTVM S/A;Comprador
FRP0;01/09/2026;09:41:47;27 - Santander CCVM S/A;33,30;5;3 - XP Investimentos CCTVM S/A;Comprador
FRP0;01/09/2026;09:41:47;27 - Santander CCVM S/A;33,30;5;3 - XP Investimentos CCTVM S/A;Comprador
FRP0;01/09/2026;09:41:47;27 - Santander CCVM S/A;33,30;5;3 - XP Investimentos CCTVM S/A;Comprador
FRP0;01/09/2026;09:41:47;27 - Santander CCVM S/A;33,30;5;3 - XP Investimentos CCTVM S/A;Comprador
FRP0;01/09/2026;09:41:47;27 - Santander CCVM S/A;33,30;5;3 - XP Investimentos CCTVM S/A;Comprador
FRP0;01/09/2026;09:41:47;27 - Santander CCVM S/A;33,30;5;3 - XP Investimentos CCTVM S/A;Comprador
FRP0;01/09/2026;09:41:47;27 - Santander CCVM S/A;33,30;5;3 - XP Investimentos CCTVM S/A;Comprador
FRP0;01/09/2026;09:41:47;27 - Santander CCVM S/A;33,30;5;3 - XP Investimentos CCTVM S/A;Comprador
FRP0;01/09/2026;09:41:47;27 - Santander CCVM S/A;33,30;5;3 - XP Investimentos CCTVM S/A;Comprador
FRP0;01/09/2026;09:41:47;27 - Santander CCVM S/A;33,30;5;3 - XP Investimentos CCTVM S/A;Comprador
FRP0;01/09/2026;09:41:38;27 - Santander CCVM S/A;33,30;5;3 - XP Investimentos CCTVM S/A;Comprador
FRP0;01/09/2026;09:41:38;27 - Santander CCVM S/A;33,30;5;3 - XP Investimentos CCTVM S/A;Comprador
FRP0;01/09/2026;09:41:38;27 - Santander CCVM S/A;33,30;5;3 - XP Investimentos CCTVM S/A;Comprador
FRP0;01/09/2026;09:41:38;27 - Santander CCVM S/A;33,30;5;3 - XP Investimentos CCTVM S/A;Comprador
FRP0;01/09/2026;09:41:38;27 - Santander CCVM S/A;33,30;5;3 - XP Investimentos CCTVM S/A;Comprador
FRP0;01/09/2026;09:41:38;27 - Santander CCVM S/A;33,30;5;3 - XP Investimentos CCTVM S/A;Comprador
FRP0;01/09/2026;09:41:38;27 - Santander CCVM S/A;33,30;5;3 - XP Investimentos CCTVM S/A;Comprador
FRP0;01/09/2026;09:41:38;27 - Santander CCVM S/A;33,30;5;3 - XP Investimentos CCTVM S/A;Comprador
FRP0;01/09/2026;09:41:38;27 - Santander CCVM S/A;33,30;5;3 - XP Investimentos CCTVM S/A;Comprador
FRP0;01/09/2026;09:41:38;27 - Santander CCVM S/A;33,30;5;3 - XP Investimentos CCTVM S/A;Comprador
FRP0;01/09/2026;09:41:38;27 - Santander CCVM S/A;33,30;5;3 - XP Investimentos CCTVM S/A;Comprador
FRP0;01/09/2026;09:41:38;27 - Santander CCVM S/A;33,30;5;3 - XP Investimentos CCTVM S/A;Comprador
FRP0;01/09/2026;09:41:38;27 - Santander CCVM S/A;33,30;5;3 - XP Investimentos CCTVM S/A;Comprador
FRP0;01/09/2026;09:41:38;27 - Santander CCVM S/A;33,30;5;3 - XP Investimentos CCTVM S/A;Comprador
FRP0;01/09/2026;09:41:38;27 - Santander CCVM S/A;33,30;5;3 - XP Investimentos CCTVM S/A;Comprador
FRP0;01/09/2026;09:41:38;27 - Santander CCVM S/A;33,30;5;3 - XP Investimentos CCTVM S/A;Comprador
FRP0;01/09/2026;09:41:38;27 - Santander CCVM S/A;33,30;5;3 - XP Investimentos CCTVM S/A;Comprador
FRP0;01/09/2026;09:41:37;27 - Santander CCVM S/A;33,30;5;3 - XP Investimentos CCTVM S/A;Comprador
FRP0;01/09/2026;09:41:37;27 - Santander CCVM S/A;33,30;5;3 - XP Investimentos CCTVM S/A;Comprador
FRP0;01/09/2026;09:41:37;27 - Santander CCVM S/A;33,30;5;3 - XP Investimentos CCTVM S/A;Comprador
FRP0;01/09/2026;09:41:37;27 - Santander CCVM S/A;33,30;5;3 - XP Investimentos CCTVM S/A;Comprador
FRP0;01/09/2026;09:41:37;27 - Santander CCVM S/A;33,30;5;3 - XP Investimentos CCTVM S/A;Comprador
FRP0;01/09/2026;09:41:37;27 - Santander CCVM S/A;33,30;5;3 - XP Investimentos CCTVM S/A;Comprador
FRP0;01/09/2026;09:41:37;27 - Santander CCVM S/A;33,30;5;3 - XP Investimentos CCTVM S/A;Comprador
FRP0;01/09/2026;09:41:37;27 - Santander CCVM S/A;33,30;5;3 - XP Investimentos CCTVM S/A;Comprador
FRP0;01/09/2026;09:41:37;27 - Santander CCVM S/A;33,30;5;3 - XP Investimentos CCTVM S/A;Comprador
FRP0;01/09/2026;09:41:37;27 - Santander CCVM S/A;33,30;5;3 - XP Investimentos CCTVM S/A;Comprador
FRP0;01/09/2026;09:41:37;27 - Santander CCVM S/A;33,30;5;3 - XP Investimentos CCTVM S/A;Comprador
FRP0;01/09/2026;09:41:37;27 - Santander CCVM S/A;33,30;5;3 - XP Investimentos CCTVM S/A;Comprador
FRP0;01/09/2026;09:41:37;27 - Santander CCVM S/A;33,30;5;3 - XP Investimentos CCTVM S/A;Comprador
FRP0;01/09/2026;09:41:37;27 - Santander CCVM S/A;33,30;5;3 - XP Investimentos CCTVM S/A;Comprador
FRP0;01/09/2026;09:41:37;27 - Santander CCVM S/A;33,30;5;3 - XP Investimentos CCTVM S/A;Comprador
FRP0;01/09/2026;09:41:37;27 - Santander CCVM S/A;33,30;5;3 - XP Investimentos CCTVM S/A;Comprador
FRP0;01/09/2026;09:41:37;27 - Santander CCVM S/A;33,30;5;3 - XP Investimentos CCTVM S/A;Comprador
FRP0;01/09/2026;09:41:37;27 - Santander CCVM S/A;33,30;5;3 - XP Investimentos CCTVM S/A;Comprador
FRP0;01/09/2026;09:41:37;27 - Santander CCVM S/A;33,30;5;3 - XP Investimentos CCTVM S/A;Comprador
FRP0;01/09/2026;09:41:37;27 - Santander CCVM S/A;33,30;5;3 - XP Investimentos CCTVM S/A;Comprador
FRP0;01/09/2026;09:41:37;27 - Santander CCVM S/A;33,30;5;3 - XP Investimentos CCTVM S/A;Comprador
FRP0;01/09/2026;09:41:37;27 - Santander CCVM S/A;33,30;5;3 - XP Investimentos CCTVM S/A;Comprador
FRP0;01/09/2026;09:41:37;27 - Santander CCVM S/A;33,30;5;3 - XP Investimentos CCTVM S/A;Comprador
FRP0;01/09/2026;09:41:37;27 - Santander CCVM S/A;33,30;5;3 - XP Investimentos CCTVM S/A;Comprador
FRP0;01/09/2026;09:41:37;27 - Santander CCVM S/A;33,30;5;3 - XP Investimentos CCTVM S/A;Comprador
FRP0;01/09/2026;09:41:37;27 - Santander CCVM S/A;33,30;5;3 - XP Investimentos CCTVM S/A;Comprador
FRP0;01/09/2026;09:41:37;27 - Santander CCVM S/A;33,30;5;3 - XP Investimentos CCTVM S/A;Comprador
FRP0;01/09/2026;09:41:37;27 - Santander CCVM S/A;33,30;5;3 - XP Investimentos CCTVM S/A;Comprador
FRP0;01/09/2026;09:41:37;27 - Santander CCVM S/A;33,30;5;3 - XP Investimentos CCTVM S/A;Comprador
FRP0;01/09/2026;09:41:37;27 - Santander CCVM S/A;33,30;5;3 - XP Investimentos CCTVM S/A;Comprador
FRP0;01/09/2026;09:41:37;27 - Santander CCVM S/A;33,30;5;3 - XP Investimentos CCTVM S/A;Comprador
FRP0;01/09/2026;09:41:37;27 - Santander CCVM S/A;33,30;5;3 - XP Investimentos CCTVM S/A;Comprador
FRP0;01/09/2026;09:41:37;27 - Santander CCVM S/A;33,30;5;3 - XP Investimentos CCTVM S/A;Comprador
FRP0;01/09/2026;09:41:37;27 - Santander CCVM S/A;33,30;5;3 - XP Investimentos CCTVM S/A;Comprador
FRP0;01/09/2026;09:41:37;27 - Santander CCVM S/A;33,30;5;3 - XP Investimentos CCTVM S/A;Comprador
FRP0;01/09/2026;09:41:37;27 - Santander CCVM S/A;33,30;5;3 - XP Investimentos CCTVM S/A;Comprador
FRP0;01/09/2026;09:41:37;27 - Santander CCVM S/A;33,30;5;3 - XP Investimentos CCTVM S/A;Comprador
FRP0;01/09/2026;09:41:37;27 - Santander CCVM S/A;33,30;5;3 - XP Investimentos CCTVM S/A;Comprador
FRP0;01/09/2026;09:41:37;27 - Santander CCVM S/A;33,30;5;3 - XP Investimentos CCTVM S/A;Comprador
FRP0;01/09/2026;09:41:37;27 - Santander CCVM S/A;33,30;5;3 - XP Investimentos CCTVM S/A;Comprador
FRP0;01/09/2026;09:41:37;27 - Santander CCVM S/A;33,30;5;3 - XP Investimentos CCTVM S/A;Comprador
FRP0;01/09/2026;09:41:37;27 - Santander CCVM S/A;33,30;5;3 - XP Investimentos CCTVM S/A;Comprador
FRP0;01/09/2026;09:41:37;27 - Santander CCVM S/A;33,30;5;3 - XP Investimentos CCTVM S/A;Comprador
FRP0;01/09/2026;09:41:37;27 - Santander CCVM S/A;33,30;5;3 - XP Investimentos CCTVM S/A;Comprador
FRP0;01/09/2026;09:41:37;27 - Santander CCVM S/A;33,30;5;3 - XP Investimentos CCTVM S/A;Comprador
FRP0;01/09/2026;09:41:37;27 - Santander CCVM S/A;33,30;5;3 - XP Investimentos CCTVM S/A;Comprador
FRP0;01/09/2026;09:41:37;27 - Santander CCVM S/A;33,30;5;3 - XP Investimentos CCTVM S/A;Comprador
FRP0;01/09/2026;09:41:37;27 - Santander CCVM S/A;33,30;5;3 - XP Investimentos CCTVM S/A;Comprador
FRP0;01/09/2026;09:41:37;27 - Santander CCVM S/A;33,30;5;3 - XP Investimentos CCTVM S/A;Comprador
FRP0;01/09/2026;09:41:37;27 - Santander CCVM S/A;33,30;5;3 - XP Investimentos CCTVM S/A;Comprador
FRP0;01/09/2026;09:41:37;27 - Santander CCVM S/A;33,30;5;3 - XP Investimentos CCTVM S/A;Comprador
FRP0;01/09/2026;09:41:37;27 - Santander CCVM S/A;33,30;5;3 - XP Investimentos CCTVM S/A;Comprador
FRP0;01/09/2026;09:41:37;27 - Santander CCVM S/A;33,30;5;3 - XP Investimentos CCTVM S/A;Comprador
FRP0;01/09/2026;09:41:37;27 - Santander CCVM S/A;33,30;5;3 - XP Investimentos CCTVM S/A;Comprador
FRP0;01/09/2026;09:41:37;27 - Santander CCVM S/A;33,30;5;3 - XP Investimentos CCTVM S/A;Comprador
FRP0;01/09/2026;09:41:37;27 - Santander CCVM S/A;33,30;5;3 - XP Investimentos CCTVM S/A;Comprador
FRP0;01/09/2026;09:41:37;27 - Santander CCVM S/A;33,30;5;3 - XP Investimentos CCTVM S/A;Comprador
FRP0;01/09/2026;09:41:37;27 - Santander CCVM S/A;33,30;5;3 - XP Investimentos CCTVM S/A;Comprador
FRP0;01/09/2026;09:41:37;27 - Santander CCVM S/A;33,30;5;3 - XP Investimentos CCTVM S/A;Comprador
FRP0;01/09/2026;09:41:37;27 - Santander CCVM S/A;33,30;5;3 - XP Investimentos CCTVM S/A;Comprador
FRP0;01/09/2026;09:41:37;27 - Santander CCVM S/A;33,30;5;3 - XP Investimentos CCTVM S/A;Comprador
FRP0;01/09/2026;09:41:37;27 - Santander CCVM S/A;33,30;5;3 - XP Investimentos CCTVM S/A;Comprador
FRP0;01/09/2026;09:41:37;27 - Santander CCVM S/A;33,30;5;3 - XP Investimentos CCTVM S/A;Comprador
FRP0;01/09/2026;09:41:37;27 - Santander CCVM S/A;33,30;5;3 - XP Investimentos CCTVM S/A;Comprador
FRP0;01/09/2026;09:41:37;27 - Santander CCVM S/A;33,30;5;3 - XP Investimentos CCTVM S/A;Comprador
FRP0;01/09/2026;09:41:37;27 - Santander CCVM S/A;33,30;5;3 - XP Investimentos CCTVM S/A;Comprador
FRP0;01/09/2026;09:41:37;27 - Santander CCVM S/A;33,30;5;3 - XP Investimentos CCTVM S/A;Comprador
FRP0;01/09/2026;09:41:37;27 - Santander CCVM S/A;33,30;5;3 - XP Investimentos CCTVM S/A;Comprador
FRP0;01/09/2026;09:41:37;27 - Santander CCVM S/A;33,30;5;3 - XP Investimentos CCTVM S/A;Comprador
FRP0;01/09/2026;09:41:37;27 - Santander CCVM S/A;33,30;5;3 - XP Investimentos CCTVM S/A;Comprador
FRP0;01/09/2026;09:41:37;27 - Santander CCVM S/A;33,30;5;3 - XP Investimentos CCTVM S/A;Comprador
FRP0;01/09/2026;09:41:37;27 - Santander CCVM S/A;33,30;5;3 - XP Investimentos CCTVM S/A;Comprador
FRP0;01/09/2026;09:41:37;27 - Santander CCVM S/A;33,30;5;3 - XP Investimentos CCTVM S/A;Comprador
FRP0;01/09/2026;09:41:37;27 - Santander CCVM S/A;33,30;5;3 - XP Investimentos CCTVM S/A;Comprador
FRP0;01/09/2026;09:41:37;27 - Santander CCVM S/A;33,30;5;27 - Santander CCVM S/A;Comprador
FRP0;01/09/2026;09:41:37;27 - Santander CCVM S/A;33,30;5;27 - Santander CCVM S/A;Comprador
FRP0;01/09/2026;09:41:37;27 - Santander CCVM S/A;33,30;5;27 - Santander CCVM S/A;Comprador
FRP0;01/09/2026;09:41:37;27 - Santander CCVM S/A;33,30;5;27 - Santander CCVM S/A;Comprador
FRP0;01/09/2026;09:41:37;27 - Santander CCVM S/A;33,30;5;27 - Santander CCVM S/A;Comprador
FRP0;01/09/2026;09:41:37;27 - Santander CCVM S/A;33,30;5;27 - Santander CCVM S/A;Comprador
FRP0;01/09/2026;09:41:37;27 - Santander CCVM S/A;33,30;5;27 - Santander CCVM S/A;Comprador
FRP0;01/09/2026;09:41:37;27 - Santander CCVM S/A;33,30;5;27 - Santander CCVM S/A;Comprador
FRP0;01/09/2026;09:41:37;27 - Santander CCVM S/A;33,30;5;27 - Santander CCVM S/A;Comprador
FRP0;01/09/2026;09:38:56;85 - BTG Pactual CTVM S.A.;33,30;10;27 - Santander CCVM S/A;Comprador
FRP0;01/09/2026;09:38:36;88 - CM Capital Markets CCTVM LTDA;33,20;825;88 - CM Capital Markets CCTVM LTDA;Direto
FRP0;01/09/2026;09:38:33;88 - CM Capital Markets CCTVM LTDA;33,20;80;88 - CM Capital Markets CCTVM LTDA;Direto
FRP0;01/09/2026;09:36:00;3 - XP Investimentos CCTVM S/A;33,30;140;27 - Santander CCVM S/A;Comprador
FRP0;01/09/2026;09:35:35;92 - Elliot-Warren;33,30;5;27 - Santander CCVM S/A;Comprador
FRP0;01/09/2026;09:34:53;127 - TULLETT PREBON;33,20;300;3 - XP Investimentos CCTVM S/A;Comprador
FRP0;01/09/2026;09:34:53;127 - TULLETT PREBON;33,20;200;3 - XP Investimentos CCTVM S/A;Comprador
FRP0;01/09/2026;09:34:53;127 - TULLETT PREBON;33,20;300;3 - XP Investimentos CCTVM S/A;Comprador
FRP0;01/09/2026;09:34:53;127 - TULLETT PREBON;33,20;130;88 - CM Capital Markets CCTVM LTDA;Comprador
FRP0;01/09/2026;09:34:53;127 - TULLETT PREBON;33,20;35;8 - UBS BRASIL CCTVM S/A;Comprador
FRP0;01/09/2026;09:34:53;127 - TULLETT PREBON;33,20;300;127 - TULLETT PREBON;Comprador
FRP0;01/09/2026;09:34:53;127 - TULLETT PREBON;33,20;200;27 - Santander CCVM S/A;Comprador
FRP0;01/09/2026;09:34:53;127 - TULLETT PREBON;33,20;80;85 - BTG Pactual CTVM S.A.;Comprador
FRP0;01/09/2026;09:34:53;127 - TULLETT PREBON;33,20;20;27 - Santander CCVM S/A;Comprador
FRP0;01/09/2026;09:34:53;127 - TULLETT PREBON;33,20;175;122 - BGC LIQUIDEZ DTVM;Comprador
FRP0;01/09/2026;09:34:53;127 - TULLETT PREBON;33,20;160;122 - BGC LIQUIDEZ DTVM;Comprador
FRP0;01/09/2026;09:33:41;85 - BTG Pactual CTVM S.A.;33,10;5;6003 - C6 CTVM LTDA;Vendedor
FRP0;01/09/2026;09:32:18;85 - BTG Pactual CTVM S.A.;33,10;25;92 - Elliot-Warren;Vendedor
FRP0;01/09/2026;09:32:18;92 - Elliot-Warren;33,10;105;92 - Elliot-Warren;Vendedor
FRP0;01/09/2026;09:32:18;147 - ATIVA INVESTIMENTOS S.A. CTCV;33,10;70;92 - Elliot-Warren;Vendedor
FRP0;01/09/2026;09:31:43;3 - XP Investimentos CCTVM S/A;33,20;175;3 - XP Investimentos CCTVM S/A;Direto
FRP0;01/09/2026;09:31:38;3 - XP Investimentos CCTVM S/A;33,10;175;3 - XP Investimentos CCTVM S/A;Direto
FRP0;01/09/2026;09:31:04;3 - XP Investimentos CCTVM S/A;33,20;60;3 - XP Investimentos CCTVM S/A;Direto
FRP0;01/09/2026;09:30:40;1618 - IDEAL CTVM SA;33,20;5;122 - BGC LIQUIDEZ DTVM;Comprador
FRP0;01/09/2026;09:24:11;88 - CM Capital Markets CCTVM LTDA;33,10;170;88 - CM Capital Markets CCTVM LTDA;Direto
FRP0;01/09/2026;09:22:20;88 - CM Capital Markets CCTVM LTDA;33,20;5;122 - BGC LIQUIDEZ DTVM;Leilão
FRP0;01/09/2026;09:22:20;3 - XP Investimentos CCTVM S/A;33,20;15;3 - XP Investimentos CCTVM S/A;Leilão
